url,name,searched
/wiki/Outer_space,Outer_space,False
/wiki/Space,Space,False
/wiki/Outer_space_(disambiguation),Outer space (disambiguation),False
/wiki/K%C3%A1rm%C3%A1n_line,Kármán line,False
/wiki/Atmosphere_of_Earth,Atmosphere of Earth,False
/wiki/International_Space_Station,International Space Station,False
/wiki/Earth,Earth,False
/wiki/Atmosphere_of_Earth,Atmosphere of Earth,False
/wiki/Astronomical_object,Astronomical object,False
/wiki/Ultra-high_vacuum,Ultra-high vacuum,False
/wiki/Plasma_(physics),Plasma (physics),False
/wiki/Hydrogen,Hydrogen,False
/wiki/Helium,Helium,False
/wiki/Electromagnetic_radiation,Electromagnetic radiation,False
/wiki/Magnetic_field,Magnetic field,False
/wiki/Cosmic_neutrino_background,Cosmic neutrino background,False
/wiki/Cosmic_dust,Cosmic dust,False
/wiki/Cosmic_ray,Cosmic ray,False
/wiki/Temperature,Temperature,False
/wiki/Cosmic_background_radiation,Cosmic background radiation,False
/wiki/Big_Bang,Big Bang,False
/wiki/Kelvin,Kelvin,False
/wiki/Celsius,Celsius,False
/wiki/Fahrenheit,Fahrenheit,False
/wiki/Warm%E2%80%93hot_intergalactic_medium,Warm–hot intergalactic medium,False
/wiki/Baryonic_matter,Baryon,False
/wiki/Number_density,Number density,False
/wiki/Hydrogen_atom,Hydrogen atom,False
/wiki/Cubic_metre,Cubic metre,False
/wiki/Kinetic_temperature,Temperature,False
/wiki/Star,Star,False
/wiki/Galaxy,Galaxy,False
/wiki/Universe,Universe,False
/wiki/Star_system,Star system,False
/wiki/Mass%E2%80%93energy_equivalence,Mass–energy equivalence,False
/wiki/Observable_universe,Observable universe,False
/wiki/Dark_matter,Dark matter,False
/wiki/Dark_energy,Dark energy,False
/wiki/K%C3%A1rm%C3%A1n_line,Kármán line,False
/wiki/Sea_level,Sea level,False
/wiki/Stratosphere,Stratosphere,False
/wiki/Mesosphere,Mesosphere,False
/wiki/Space_law,Space law,False
/wiki/Outer_Space_Treaty,Outer Space Treaty,False
/wiki/National_sovereignty,Nation state,False
/wiki/Space_exploration,Space exploration,False
/wiki/UN_resolution,United Nations resolution,False
/wiki/Anti-satellite_weapon,Anti-satellite weapon,False
/wiki/Balloon_(aircraft),Balloon (aeronautics),False
/wiki/Rocket_launch,Rocket,False
/wiki/Geocentric_orbit,Geocentric orbit,False
/wiki/Yuri_Gagarin,Yuri Gagarin,False
/wiki/Soviet_Union,Soviet Union,False
/wiki/Spaceflight,Spaceflight,False
/wiki/Moon,Moon,False
/wiki/Uncrewed_spacecraft,Uncrewed spacecraft,False
/wiki/Planet,Planet,False
/wiki/Solar_System,Solar System,False
/wiki/Radiation,Radiation,False
/wiki/Microgravity,Weightlessness,False
/wiki/Physiology,Physiology,False
/wiki/Muscle_atrophy,Muscle atrophy,False
/wiki/Spaceflight_osteopenia,Spaceflight osteopenia,False
/wiki/Big_Bang,Big Bang,False
/wiki/Expansion_of_the_universe,Expansion of the universe,False
/wiki/Inflationary_epoch,Inflationary epoch,False
/wiki/Hubble_Ultra-Deep_Field,Hubble Ultra-Deep Field,False
/wiki/Speed_of_light,Speed of light,False
/wiki/Chronology_of_the_universe,Chronology of the universe,False
/wiki/Age_of_the_universe,Age of the universe,False
/wiki/Expansion_of_the_universe,Expansion of the universe,False
/wiki/Recombination_(cosmology),Recombination (cosmology),False
/wiki/Star,Star,False
/wiki/Galaxy,Galaxy,False
/wiki/Astronomical_object,Astronomical object,False
/wiki/Vacuum,Vacuum,False
/wiki/Shape_of_the_universe,Shape of the universe,False
/wiki/Cosmic_microwave_background_radiation,Cosmic microwave background,False
/wiki/Wilkinson_Microwave_Anisotropy_Probe,Wilkinson Microwave Anisotropy Probe,False
/wiki/Spatial_geometry,Three-dimensional space,False
/wiki/Flatness_(cosmology),Flatness (cosmology),False
/wiki/Hubble%27s_law,Hubble's law,False
/wiki/Vacuum_energy,Vacuum energy,False
/wiki/Dark_energy,Dark energy,False
/wiki/Dark_matter,Dark matter,False
/wiki/Baryonic_matter,Baryon,False
/wiki/Black_hole,Black hole,False
/wiki/Void_(astronomy),Void (astronomy),False
/wiki/Order_of_magnitude,Order of magnitude,False
/wiki/Interplanetary_dust_cloud,Interplanetary dust cloud,False
/wiki/Zodiacal_light,Zodiacal light,False
/wiki/Gegenschein,Gegenschein,False
/wiki/Milky_Way,Milky Way,False
/wiki/Perfect_vacuum,Vacuum,False
/wiki/Friction,Friction,False
/wiki/Planets,Planet,False
/wiki/Moons,Natural satellite,False
/wiki/Orbit,Orbit,False
/wiki/Planetary_formation,Nebular hypothesis,False
/wiki/Matter,Matter,False
/wiki/Hydrogen_atoms,Hydrogen atom,False
/wiki/Electromagnetic_radiation,Electromagnetic radiation,False
/wiki/Mean_free_path,Mean free path,False
/wiki/Photon,Photon,False
/wiki/Extinction_(astronomy),Extinction (astronomy),False
/wiki/Absorption_(electromagnetic_radiation),Absorption (electromagnetic radiation),False
/wiki/Scattering,Scattering,False
/wiki/Astronomy,Astronomy,False
/wiki/Atmosphere,Atmosphere,False
/wiki/Pressure,Pressure,False
/wiki/Pascal_(unit),Pascal (unit),False
/wiki/International_Union_of_Pure_and_Applied_Chemistry,International Union of Pure and Applied Chemistry,False
/wiki/Standard_conditions_for_temperature_and_pressure,Standard temperature and pressure,False
/wiki/Radiation_pressure,Radiation pressure,False
/wiki/Sun,Sun,False
/wiki/Dynamic_pressure,Dynamic pressure,False
/wiki/Solar_wind,Solar wind,False
/wiki/Thermosphere,Thermosphere,False
/wiki/Space_weather,Space weather,False
/wiki/Temperature,Temperature,False
/wiki/Kinetic_theory_of_gases,Kinetic theory of gases,False
/wiki/Kinetic_temperature,Temperature,False
/wiki/Thermodynamic_equilibrium,Thermodynamic equilibrium,False
/wiki/Big_Bang,Big Bang,False
/wiki/Cosmic_microwave_background_radiation,Cosmic microwave background,False
/wiki/Neutrino,Neutrino,False
/wiki/Cosmic_neutrino_background,Cosmic neutrino background,False
/wiki/Black_body,Black body,False
/wiki/Kelvin,Kelvin,False
/wiki/Celsius,Celsius,False
/wiki/Fahrenheit,Fahrenheit,False
/wiki/Boomerang_Nebula,Boomerang Nebula,False
/wiki/Solar_corona,Stellar corona,False
/wiki/Dynamo,Dynamo,False
/wiki/Gauss_(unit),Gauss (unit),False
/wiki/Davis%E2%80%93Greenstein_effect,Polarization in astronomy,False
/wiki/Cosmic_dust,Cosmic dust,False
/wiki/Polarization_(waves),Polarization (physics),False
/wiki/Magnetohydrodynamics,Magnetohydrodynamics,False
/wiki/Active_galactic_nucleus,Active galactic nucleus,False
/wiki/Elliptical_galaxy,Elliptical galaxy,False
/wiki/Astrophysical_jet,Astrophysical jet,False
/wiki/Radio_lobe,Radio galaxy,False
/wiki/Astronomical_radio_source,Astronomical radio source,False
/wiki/Redshift,Redshift,False
/wiki/Subatomic_particle,Subatomic particle,False
/wiki/Electronvolt,Electronvolt,False
/wiki/Ultra-high-energy_cosmic_ray,Ultra-high-energy cosmic ray,False
/wiki/Electron,Electron,False
/wiki/Health_threat_from_cosmic_rays,Health threat from cosmic rays,False
/wiki/Don_Pettit,Donald Pettit,False
/wiki/Arc_welding,Arc welding,False
/wiki/Effect_of_spaceflight_on_the_human_body,Effect of spaceflight on the human body,False
/wiki/Bioastronautics,Bioastronautics,False
/wiki/Uncontrolled_decompression,Uncontrolled decompression,False
/wiki/Weightlessness,Weightlessness,False
/wiki/Astrobiology,Astrobiology,False
/wiki/Astrobotany,Astrobotany,False
/wiki/Plants_in_space,Plants in space,False
/wiki/Animals_in_space,Animals in space,False
/wiki/Space_suit,Space suit,False
/wiki/BIOPAN,BIOPAN,False
/wiki/Arabidopsis_thaliana,Arabidopsis thaliana,False
/wiki/Nicotiana_tabacum,Nicotiana tabacum,False
/wiki/Bacillus_subtilis,Bacillus subtilis,False
/wiki/Panspermia,Panspermia,False
/wiki/Microorganism,Microorganism,False
/wiki/Vapor_pressure_of_water,Vapour pressure of water,False
/wiki/Human_body_temperature,Human body temperature,False
/wiki/Armstrong_line,Armstrong limit,False
/wiki/Harry_G._Armstrong,Harry George Armstrong,False
/wiki/Atmospheric_pressure,Atmospheric pressure,False
/wiki/Pulmonary_barotrauma,Barotrauma,False
/wiki/Hypoxia_(medical),Hypoxia (medical),False
/wiki/Oxygen,Oxygen,False
/wiki/Partial_pressure,Partial pressure,False
/wiki/Ebullism,Ebullism,False
/wiki/Ebullism,Ebullism,False
/wiki/Pressure_suit,Pressure suit,False
/wiki/Decompression_sickness,Decompression sickness,False
/wiki/Air_embolism,Air embolism,False
/wiki/Human_evolution,Human evolution,False
/wiki/Gravitation,Gravity,False
/wiki/Space_motion_sickness,Space adaptation syndrome,False
/wiki/Nausea,Nausea,False
/wiki/Vomiting,Vomiting,False
/wiki/Vertigo_(medical),Vertigo,False
/wiki/Lethargy,Lethargy,False
/wiki/Muscle_atrophy,Muscle atrophy,False
/wiki/Human_skeleton,Human skeleton,False
/wiki/Spaceflight_osteopenia,Spaceflight osteopenia,False
/wiki/Cardiovascular_system,Circulatory system,False
/wiki/Red_blood_cell,Red blood cell,False
/wiki/Immune_system,Immune system,False
/wiki/Acute_health_hazard,Risk factor,False
/wiki/Cosmic_rays,Cosmic ray,False
/wiki/White_blood_cell,White blood cell,False
/wiki/Cancer,Cancer,False
/wiki/Human_eye,Human eye,False
/wiki/Nervous_system,Nervous system,False
/wiki/Human_lung,Lung,False
/wiki/Human_gastrointestinal_tract,Gastrointestinal tract,False
/wiki/Mars,Mars,False
/wiki/Observable_universe,Observable universe,False
/wiki/SpaceShipOne,SpaceShipOne,False
/wiki/Human_spaceflight,Crewed spaceflight,False
/wiki/Private_spaceflight,Private spaceflight,False
/wiki/Earth%27s_atmosphere,Atmosphere of Earth,False
/wiki/F%C3%A9d%C3%A9ration_A%C3%A9ronautique_Internationale,Fédération Aéronautique Internationale,False
/wiki/K%C3%A1rm%C3%A1n_line,Kármán line,False
/wiki/Theodore_von_K%C3%A1rm%C3%A1n,Theodore von Kármán,False
/wiki/Orbital_speed,Orbital speed,False
/wiki/Aerodynamic_lift,Lift (force),False
/wiki/Astronaut,Astronaut,False
/wiki/United_States_Astronaut_Badge,United States Astronaut Badge,False
/wiki/NASA,NASA,False
/wiki/Atmospheric_reentry,Atmospheric entry,False
/wiki/Atmospheric_drag,Drag (physics),False
/wiki/Space_law,Space law,False
/wiki/RIM-161_Standard_Missile_3,RIM-161 Standard Missile 3,False
/wiki/Reconnaissance_satellite,Reconnaissance satellite,False
/wiki/USA-193,USA-193,False
/wiki/Outer_Space_Treaty,Outer Space Treaty,False
/wiki/Sovereignty,Sovereignty,False
/wiki/Common_heritage_of_mankind,Common heritage of humanity,False
/wiki/Nuclear_weapon,Nuclear weapon,False
/wiki/United_Nations_General_Assembly,United Nations General Assembly,False
/wiki/Space_law,Space law,False
/wiki/United_Nations_Committee_on_the_Peaceful_Uses_of_Outer_Space,United Nations Committee on the Peaceful Uses of Outer Space,False
/wiki/Anti-satellite_weapon,Anti-satellite weapon,False
/wiki/Moon_Treaty,Moon Treaty,False
/wiki/Ecuador,Ecuador,False
/wiki/Colombia,Colombia,False
/wiki/Brazil,Brazil,False
/wiki/Republic_of_the_Congo,Republic of the Congo,False
/wiki/Democratic_Republic_of_the_Congo,Democratic Republic of the Congo,False
/wiki/Uganda,Uganda,False
/wiki/Kenya,Kenya,False
/wiki/Indonesia,Indonesia,False
/wiki/Bogot%C3%A1,Bogotá,False
/wiki/Bogota_Declaration,Bogota Declaration,False
/wiki/Geocentric_orbit,Geocentric orbit,False
/wiki/Centripetal_force,Centripetal force,False
/wiki/Acceleration,Acceleration,False
/wiki/Gravitation,Gravity,False
/wiki/Centrifugal_force,Centrifugal force,False
/wiki/Low_Earth_orbit,Low Earth orbit,False
/wiki/North_American_X-15,North American X-15,False
/wiki/Spacecraft,Spacecraft,False
/wiki/Sub-orbital_spaceflight,Sub-orbital spaceflight,False
/wiki/Megajoule,Joule,False
/wiki/Apsis,Apsis,False
/wiki/Escape_velocity,Escape velocity,False
/wiki/Magnetic_fields,Magnetic field,False
/wiki/Heliopause_(astronomy),Heliosphere,False
/wiki/Interstellar_medium,Interstellar medium,False
/wiki/Artificial_satellite,Satellite,False
/wiki/Space_debris,Space debris,False
/wiki/Geosynchronous_orbit,Geosynchronous orbit,False
/wiki/Low_Earth_orbit,Low Earth orbit,False
/wiki/Low_Earth_orbit,Low Earth orbit,False
/wiki/Geostationary_orbit,Geostationary orbit,False
/wiki/Artificial_satellite,Satellite,False
/wiki/Space_pollution,Space debris,False
/wiki/Upper_atmosphere,Upper atmosphere,False
/wiki/Magnetosphere,Magnetosphere,False
/wiki/Van_Allen_radiation_belt,Van Allen radiation belt,False
/wiki/Magnetopause,Magnetopause,False
/wiki/Ionosphere,Ionosphere,False
/wiki/Heliophysics,Heliophysics,False
/wiki/Magnetotail,Magnetosphere,False
/wiki/Aurora_(astronomy),Aurora,False
/wiki/International_Space_Station,International Space Station,False
/wiki/Earth%27s_magnetic_field,Earth's magnetic field,False
/wiki/Geomagnetic_storm,Geomagnetic storm,False
/wiki/Global_Positioning_System,Global Positioning System,False
/wiki/Aurora_(astronomy),Aurora,False
/wiki/Geomagnetic_pole,Geomagnetic pole,False
/wiki/Drag_(physics),Drag (physics),False
/wiki/Satellite,Satellite,False
/wiki/Space_debris,Space debris,False
/wiki/Trans-lunar_injection,Trans-lunar injection,False
/wiki/Transfer_orbit,Transfer orbit,False
/wiki/Lunar_orbit,Lunar orbit,False
/wiki/Orbit_of_the_Moon,Orbit of the Moon,False
/wiki/Lagrange_point,Lagrange point,False
/wiki/High_Earth_Orbit,High Earth orbit,False
/wiki/Geosynchronous_orbit,Geosynchronous orbit,False
/wiki/Perturbation_(astronomy),Perturbation (astronomy),False
/wiki/Hill_sphere,Hill sphere,False
/wiki/Earth%27s_orbit,Earth's orbit,False
/wiki/Co-orbital,Co-orbital configuration,False
/wiki/Near-Earth_Object,Near-Earth object,False
/wiki/Horseshoe_orbit,Horseshoe orbit,False
/wiki/Earth_trojan,Earth trojan,False
/wiki/Temporary_satellite,Temporary satellite,False
/wiki/Quasi-satellite,Quasi-satellite,False
/wiki/ITU-R,ITU-R,False
/wiki/Lunar_distance_(astronomy),Lunar distance (astronomy),False
/wiki/Interplanetary_medium,Interplanetary medium,False
/wiki/Comet_Hale%E2%80%93Bopp,Comet Hale–Bopp,False
/wiki/Sunlight,Sunlight,False
/wiki/Heliosphere,Heliosphere,False
/wiki/Proton,Proton,False
/wiki/Astropause,Heliosphere,False
/wiki/Astronomical_unit,Astronomical unit,False
/wiki/Ion,Ion,False
/wiki/Atomic_nucleus,Atomic nucleus,False
/wiki/Plasma_(physics),Plasma (physics),False
/wiki/Meteor,Meteoroid,False
/wiki/Organic_chemistry,Organic chemistry,False
/wiki/Molecule,Molecule,False
/wiki/Rotational_spectroscopy,Rotational spectroscopy,False
/wiki/Zodiacal_light,Zodiacal light,False
/wiki/Mercury_(planet),Mercury (planet),False
/wiki/Interstellar_medium,Interstellar medium,False
/wiki/Interstellar_Space,Interstellar Space,False
/wiki/Bow_shock,Bow shock,False
/wiki/Magnetosphere,Magnetosphere,False
/wiki/Orion_Nebula,Orion Nebula,False
/wiki/Astrosphere,Stellar-wind bubble,False
/wiki/Stellar_wind,Stellar wind,False
/wiki/Astropause,Heliosphere,False
/wiki/Heliosphere,Heliosphere,False
/wiki/Heliopause_(astronomy),Heliosphere,False
/wiki/Stellar_nucleosynthesis,Stellar nucleosynthesis,False
/wiki/Stellar_wind,Stellar wind,False
/wiki/Planetary_nebula,Planetary nebula,False
/wiki/Supernova,Supernova,False
/wiki/Shock_waves,Shock wave,False
/wiki/Molecular_clouds,Molecular cloud,False
/wiki/List_of_interstellar_and_circumstellar_molecules,List of interstellar and circumstellar molecules,False
/wiki/Micrometre,Micrometre,False
/wiki/Radio_astronomy,Radio astronomy,False
/wiki/Molecular_cloud,Molecular cloud,False
/wiki/Trihydrogen_cation,Trihydrogen cation,False
/wiki/Carbon_monoxide,Carbon monoxide,False
/wiki/Parsec,Parsec,False
/wiki/Local_Bubble,Local Bubble,False
/wiki/Orion_Arm,Orion Arm,False
/wiki/Constellation,Constellation,False
/wiki/Ophiuchus,Ophiuchus,False
/wiki/Taurus_(constellation),Taurus (constellation),False
/wiki/Stellar-wind_bubble,Stellar-wind bubble,False
/wiki/Peculiar_velocities,Peculiar velocity,False
/wiki/Bow_shock,Bow shock,False
/wiki/Interstellar_Boundary_Explorer,Interstellar Boundary Explorer,False
/wiki/Voyager_program,Voyager program,False
/wiki/Mach_number,Mach number,False
/wiki/Matter,Matter,False
/wiki/Void_(astronomy),Void (astronomy),False
/wiki/Warm%E2%80%93hot_intergalactic_medium,Warm–hot intergalactic medium,False
/wiki/Intracluster_medium,Intracluster medium,False
/wiki/Intergalactic_dust,Intergalactic dust,False
/wiki/Galaxy_groups_and_clusters,Galaxy groups and clusters,False
/wiki/Void_(astronomy),Void (astronomy),False
/wiki/Rarefaction,Rarefaction,False
/wiki/Plasma_(physics),Plasma (physics),False
/wiki/Galaxy_filament,Galaxy filament,False
/wiki/Intracluster_medium,Intracluster medium,False
/wiki/Aristotle,Aristotle,False
/wiki/Horror_vacui_(physics),Horror vacui (physics),False
/wiki/Ontology,Ontology,False
/wiki/Parmenides,Parmenides,False
/wiki/Western_culture,Western culture,False
/wiki/Ren%C3%A9_Descartes,René Descartes,False
/wiki/Ancient_China,History of China,False
/wiki/Zhang_Heng,Zhang Heng,False
/wiki/Galileo_Galilei,Galileo Galilei,False
/wiki/Evangelista_Torricelli,Evangelista Torricelli,False
/wiki/Barometer,Barometer,False
/wiki/Blaise_Pascal,Blaise Pascal,False
/wiki/Air_pressure,Atmospheric pressure,False
/wiki/Puy_de_D%C3%B4me,Puy de Dôme,False
/wiki/Magdeburg_hemispheres,Magdeburg hemispheres,False
/wiki/Otto_von_Guericke,Otto von Guericke,False
/wiki/Density,Density,False
/wiki/Nicolaus_Cusanus,Nicholas of Cusa,False
/wiki/Universe,Universe,False
/wiki/Giordano_Bruno,Giordano Bruno,False
/wiki/Heliocentric,Heliocentrism,False
/wiki/Cosmology,Cosmology,False
/wiki/Aether_(classical_element),Aether (classical element),False
/wiki/William_Gilbert_(astronomer),William Gilbert (physician),False
/wiki/Ancient_Greece,Ancient Greece,False
/wiki/Luminiferous_aether,Luminiferous aether,False
/wiki/Michelson%E2%80%93Morley_experiment,Michelson–Morley experiment,False
/wiki/Speed_of_light,Speed of light,False
/wiki/Null_result,Null result,False
/wiki/Albert_Einstein,Albert Einstein,False
/wiki/Special_relativity,Special relativity,False
/wiki/Frame_of_reference,Frame of reference,False
/wiki/Astronomer,Astronomer,False
/wiki/Thomas_Digges,Thomas Digges,False
/wiki/Friedrich_Bessel,Friedrich Bessel,False
/wiki/61_Cygni,61 Cygni,False
/wiki/Stellar_parallax,Stellar parallax,False
/wiki/Arcsecond,Minute and second of arc,False
/wiki/Light_year,Light-year,False
/wiki/Heber_Doust_Curtis,Heber Doust Curtis,False
/wiki/Nova,Nova,False
/wiki/Andromeda_Galaxy,Andromeda Galaxy,False
/wiki/Edwin_Hubble,Edwin Hubble,False
/wiki/Cepheid_variable,Cepheid variable,False
/wiki/Henrietta_Leavitt,Henrietta Swan Leavitt,False
/wiki/Milky_Way,Milky Way,False
/wiki/Big_Bang_cosmology,Big Bang,False
/wiki/Georges_Lema%C3%AEtre,Georges Lemaître,False
/wiki/Hubble%27s_law,Hubble's law,False
/wiki/Charles_%C3%89douard_Guillaume,Charles Édouard Guillaume,False
/wiki/Arthur_Eddington,Arthur Eddington,False
/wiki/Erich_Regener,Erich Regener,False
/wiki/Cosmic_ray,Cosmic ray,False
/wiki/Ralph_Alpher,Ralph Asher Alpher,False
/wiki/Robert_Herman,Robert Herman,False
/wiki/Big_Bang,Big Bang,False
/wiki/Cosmic_microwave_background,Cosmic microwave background,False
/wiki/Emmeline_Stuart-Wortley,Lady Emmeline Stuart-Wortley,False
/wiki/Alexander_von_Humboldt,Alexander von Humboldt,False
/wiki/H._G._Wells,H. G. Wells,False
/wiki/John_Milton,John Milton,False
/wiki/Paradise_Lost,Paradise Lost,False
/wiki/Spacecraft,Spacecraft,False
/wiki/Space_technology,Space technology,False
/wiki/Space_exploration,Space exploration,False
/wiki/Human_presence_in_space,Human presence in space,False
/wiki/Astronautics,Astronautics,False
/wiki/Spaceflight,Spaceflight,False
/wiki/Human_spaceflight,Crewed spaceflight,False
/wiki/First_image_of_Earth,Timeline of first images of Earth from space,False
/wiki/William_Anders,William Anders,False
/wiki/Apollo_8,Apollo 8,False
/wiki/Explorer_II,Explorer II,False
/wiki/V-2_rocket,V-2 rocket,False
/wiki/Sputnik_1,Sputnik 1,False
/wiki/R-7_Semyorka,R-7 Semyorka,False
/wiki/Yuri_Gagarin,Yuri Gagarin,False
/wiki/Vostok_1,Vostok 1,False
/wiki/Frank_Borman,Frank Borman,False
/wiki/Jim_Lovell,Jim Lovell,False
/wiki/William_Anders,William Anders,False
/wiki/Apollo_8,Apollo 8,False
/wiki/Luna_1,Luna 1,False
/wiki/Venera_1,Venera 1,False
/wiki/Venus,Venus,False
/wiki/Mariner_2,Mariner 2,False
/wiki/Mariner_4,Mariner 4,False
/wiki/Minor_planet,Minor planet,False
/wiki/Voyager_1,Voyager 1,False
/wiki/Interstellar_space,Outer space,False
/wiki/Space_science,Outline of space science,False
/wiki/Benefits_of_space_exploration,Benefits of space exploration,False
/wiki/Earth_observation,Earth observation,False
/wiki/Commercialization_of_space,Commercial use of space,False
/wiki/Space_habitation,Human presence in space,False
/wiki/International_Space_Station,International Space Station,False
/wiki/Low_Earth_orbit,Low Earth orbit,False
/wiki/Milky_Way,Milky Way,False
/wiki/Interstellar_space,Outer space,False
/wiki/Airglow,Airglow,False
/wiki/Ionosphere,Ionosphere,False
/wiki/K%C3%A1rm%C3%A1n_line,Kármán line,False
/wiki/Thermosphere,Thermosphere,False
/wiki/Electromagnetic_spectrum,Electromagnetic spectrum,False
/wiki/Hubble_Space_Telescope,Hubble Space Telescope,False
/wiki/Interplanetary_dust_cloud,Interplanetary dust cloud,False
/wiki/Infrared_telescope,Infrared telescope,False
/wiki/Daedalus_(crater),Daedalus (crater),False
/wiki/Far_side_of_the_Moon,Far side of the Moon,False
/wiki/Radio_telescope,Radio telescope,False
/wiki/Electromagnetic_interference,Electromagnetic interference,False
/wiki/Weather_satellite,Weather satellite,False
/wiki/Communications_satellite,Communications satellite,False
/wiki/Satellite_navigation,Satellite navigation,False
/wiki/Remote_sensing,Remote sensing,False
/wiki/Spy_satellite,Reconnaissance satellite,False
/wiki/Asteroid_mining,Asteroid mining,False
/wiki/Space_manufacturing,Space manufacturing,False
/wiki/Falcon_9,Falcon 9,False
/wiki/Reusable_launch_system,Reusable launch vehicle,False
/wiki/Non-rocket_spacelaunch,Non-rocket spacelaunch,False
/wiki/Momentum_exchange_tether,Momentum exchange tether,False
/wiki/Space_elevators,Space elevator,False
/wiki/Interstellar_travel,Interstellar travel,False
/wiki/Project_Daedalus,Project Daedalus,False
/wiki/Nuclear_fusion,Nuclear fusion,False
/wiki/Deuterium,Deuterium,False
/wiki/Helium-3,Helium-3,False
/wiki/Alpha_Centauri,Alpha Centauri,False
/wiki/Light_sail,Solar sail,False
/wiki/Bussard_ramjet,Bussard ramjet,False
/wiki/Beam-powered_propulsion,Beam-powered propulsion,False
/wiki/Antimatter,Antimatter,False
/wiki/Relativistic_speed,Relativistic speed,False
/wiki/Renewable_energy,Renewable energy,False
/wiki/Cooling,Cooling,False
/wiki/Passive_daytime_radiative_cooling,Passive daytime radiative cooling,False
/wiki/Long-wave_infrared,Infrared,False
/wiki/Thermal_radiation,Thermal radiation,False
/wiki/Heat_transfer,Heat transfer,False
/wiki/Earth%E2%80%99s_surface,Earth,False
/wiki/Infrared_window,Infrared window,False
/wiki/Photonic_metamaterial,Photonic metamaterial,False
/wiki/Earth%27s_location,Location of Earth,False
/wiki/List_of_government_space_agencies,List of government space agencies,False
/wiki/List_of_topics_in_space,List of topics in space,False
/wiki/Olbers%27_paradox,Olbers's paradox,False
/wiki/Outline_of_space_science,Outline of space science,False
/wiki/Panspermia,Panspermia,False
/wiki/Space_and_survival,Space and survival,False
/wiki/Space_environment,Space environment,False
/wiki/Space_race,Space Race,False
/wiki/Space_station,Space station,False
/wiki/Space_technology,Space technology,False
/wiki/Space_weather,Space weather,False
/wiki/Space_weathering,Space weathering,False
/wiki/Timeline_of_knowledge_about_the_interstellar_and_intergalactic_medium,Timeline of knowledge about the interstellar and intergalactic medium,False
/wiki/Timeline_of_Solar_System_exploration,Timeline of Solar System exploration,False
/wiki/Timeline_of_spaceflight,Timeline of spaceflight,False
/wiki/ISBN_(identifier),ISBN,False
/wiki/Bibcode_(identifier),Bibcode,False
/wiki/Annual_Review_of_Astronomy_and_Astrophysics,Annual Review of Astronomy and Astrophysics,False
/wiki/Bibcode_(identifier),Bibcode,False
/wiki/Doi_(identifier),Digital object identifier,False
/wiki/S2CID_(identifier),Semantic Scholar,False
/wiki/ArXiv_(identifier),arXiv,False
/wiki/Bibcode_(identifier),Bibcode,False
/wiki/Doi_(identifier),Digital object identifier,False
/wiki/S2CID_(identifier),Semantic Scholar,False
/wiki/Bibcode_(identifier),Bibcode,False
/wiki/Doi_(identifier),Digital object identifier,False
/wiki/PMID_(identifier),PubMed,False
/wiki/Bibcode_(identifier),Bibcode,False
/wiki/Doi_(identifier),Digital object identifier,False
/wiki/ArXiv_(identifier),arXiv,False
/wiki/Bibcode_(identifier),Bibcode,False
/wiki/Doi_(identifier),Digital object identifier,False
/wiki/S2CID_(identifier),Semantic Scholar,False
/wiki/Bibcode_(identifier),Bibcode,False
/wiki/Local_Group,Local Group,False
/wiki/Atomic_mass_unit,Dalton (unit),False
/wiki/ArXiv_(identifier),arXiv,False
/wiki/Bibcode_(identifier),Bibcode,False
/wiki/Bibcode_(identifier),Bibcode,False
/wiki/Doi_(identifier),Digital object identifier,False
/wiki/Lyman_Spitzer,Lyman Spitzer,False
/wiki/Bibcode_(identifier),Bibcode,False
/wiki/Doi_(identifier),Digital object identifier,False
/wiki/Bibcode_(identifier),Bibcode,False
/wiki/Doi_(identifier),Digital object identifier,False
/wiki/ArXiv_(identifier),arXiv,False
/wiki/Bibcode_(identifier),Bibcode,False
/wiki/Doi_(identifier),Digital object identifier,False
/wiki/S2CID_(identifier),Semantic Scholar,False
/wiki/Bibcode_(identifier),Bibcode,False
/wiki/Doi_(identifier),Digital object identifier,False
/wiki/Bibcode_(identifier),Bibcode,False
/wiki/Doi_(identifier),Digital object identifier,False
/wiki/ISBN_(identifier),ISBN,False
/wiki/ArXiv_(identifier),arXiv,False
/wiki/Bibcode_(identifier),Bibcode,False
/wiki/Doi_(identifier),Digital object identifier,False
/wiki/S2CID_(identifier),Semantic Scholar,False
/wiki/Bibcode_(identifier),Bibcode,False
/wiki/Doi_(identifier),Digital object identifier,False
/wiki/PMID_(identifier),PubMed,False
/wiki/Bibcode_(identifier),Bibcode,False
/wiki/Doi_(identifier),Digital object identifier,False
/wiki/PMID_(identifier),PubMed,False
/wiki/Bibcode_(identifier),Bibcode,False
/wiki/Doi_(identifier),Digital object identifier,False
/wiki/PMID_(identifier),PubMed,False
/wiki/Bibcode_(identifier),Bibcode,False
/wiki/PMID_(identifier),PubMed,False
/wiki/Doi_(identifier),Digital object identifier,False
/wiki/PMC_(identifier),PubMed Central,False
/wiki/PMID_(identifier),PubMed,False
/wiki/Doi_(identifier),Digital object identifier,False
/wiki/PMID_(identifier),PubMed,False
/wiki/S2CID_(identifier),Semantic Scholar,False
/wiki/PMID_(identifier),PubMed,False
/wiki/Doi_(identifier),Digital object identifier,False
/wiki/PMC_(identifier),PubMed Central,False
/wiki/PMID_(identifier),PubMed,False
/wiki/Bibcode_(identifier),Bibcode,False
/wiki/Doi_(identifier),Digital object identifier,False
/wiki/PMID_(identifier),PubMed,False
/wiki/Doi_(identifier),Digital object identifier,False
/wiki/PMC_(identifier),PubMed Central,False
/wiki/PMID_(identifier),PubMed,False
/wiki/Bibcode_(identifier),Bibcode,False
/wiki/Doi_(identifier),Digital object identifier,False
/wiki/Bibcode_(identifier),Bibcode,False
/wiki/Doi_(identifier),Digital object identifier,False
/wiki/JSTOR_(identifier),JSTOR,False
/wiki/Bibcode_(identifier),Bibcode,False
/wiki/Bibcode_(identifier),Bibcode,False
/wiki/ISBN_(identifier),ISBN,False
/wiki/Bibcode_(identifier),Bibcode,False
/wiki/EurekAlert!,American Association for the Advancement of Science,False
/wiki/Bibcode_(identifier),Bibcode,False
/wiki/Bibcode_(identifier),Bibcode,False
/wiki/Doi_(identifier),Digital object identifier,False
/wiki/ISBN_(identifier),ISBN,False
/wiki/Bibcode_(identifier),Bibcode,False
/wiki/Doi_(identifier),Digital object identifier,False
/wiki/S2CID_(identifier),Semantic Scholar,False
/wiki/ArXiv_(identifier),arXiv,False
/wiki/Bibcode_(identifier),Bibcode,False
/wiki/Doi_(identifier),Digital object identifier,False
/wiki/S2CID_(identifier),Semantic Scholar,False
/wiki/Bibcode_(identifier),Bibcode,False
/wiki/Doi_(identifier),Digital object identifier,False
/wiki/S2CID_(identifier),Semantic Scholar,False
/wiki/Bibcode_(identifier),Bibcode,False
/wiki/Doi_(identifier),Digital object identifier,False
/wiki/Bibcode_(identifier),Bibcode,False
/wiki/Doi_(identifier),Digital object identifier,False
/wiki/PMC_(identifier),PubMed Central,False
/wiki/PMID_(identifier),PubMed,False
/wiki/ArXiv_(identifier),arXiv,False
/wiki/Bibcode_(identifier),Bibcode,False
/wiki/Bibcode_(identifier),Bibcode,False
/wiki/Doi_(identifier),Digital object identifier,False
/wiki/PMID_(identifier),PubMed,False
/wiki/S2CID_(identifier),Semantic Scholar,False
/wiki/Monthly_Notices_of_the_Royal_Astronomical_Society,Monthly Notices of the Royal Astronomical Society,False
/wiki/Bibcode_(identifier),Bibcode,False
/wiki/Doi_(identifier),Digital object identifier,False
/wiki/ArXiv_(identifier),arXiv,False
/wiki/Bibcode_(identifier),Bibcode,False
/wiki/Doi_(identifier),Digital object identifier,False
/wiki/S2CID_(identifier),Semantic Scholar,False
/wiki/ArXiv_(identifier),arXiv,False
/wiki/Bibcode_(identifier),Bibcode,False
/wiki/Doi_(identifier),Digital object identifier,False
/wiki/S2CID_(identifier),Semantic Scholar,False
/wiki/ArXiv_(identifier),arXiv,False
/wiki/Bibcode_(identifier),Bibcode,False
/wiki/Doi_(identifier),Digital object identifier,False
/wiki/S2CID_(identifier),Semantic Scholar,False
/wiki/ArXiv_(identifier),arXiv,False
/wiki/Bibcode_(identifier),Bibcode,False
/wiki/Doi_(identifier),Digital object identifier,False
/wiki/S2CID_(identifier),Semantic Scholar,False
/wiki/Bibcode_(identifier),Bibcode,False
/wiki/Doi_(identifier),Digital object identifier,False
/wiki/Georges_Lema%C3%AEtre,Georges Lemaître,False
/wiki/Bibcode_(identifier),Bibcode,False
/wiki/Doi_(identifier),Digital object identifier,False
/wiki/S2CID_(identifier),Semantic Scholar,False
/wiki/Doi_(identifier),Digital object identifier,False
/wiki/JSTOR_(identifier),JSTOR,False
/wiki/Bibcode_(identifier),Bibcode,False
/wiki/Doi_(identifier),Digital object identifier,False
/wiki/S2CID_(identifier),Semantic Scholar,False
/wiki/ArXiv_(identifier),arXiv,False
/wiki/Bibcode_(identifier),Bibcode,False
/wiki/Bibcode_(identifier),Bibcode,False
/wiki/ISBN_(identifier),ISBN,False
/wiki/ArXiv_(identifier),arXiv,False
/wiki/Bibcode_(identifier),Bibcode,False
/wiki/Doi_(identifier),Digital object identifier,False
